Source URL,Target URL,Status,Parameters
https://www.proposalperfectionnyc.com/customsigns,https://www.proposalperfectionnyc.com/custom-signs/,301,ignore
https://www.proposalperfectionnyc.com/customsigns/,https://www.proposalperfectionnyc.com/custom-signs/,301,ignore
https://www.proposalperfectionnyc.com/photo-booths-rentals,https://www.proposalperfectionnyc.com/photo-booth-rentals/,301,ignore
https://www.proposalperfectionnyc.com/photo-booths-rentals/,https://www.proposalperfectionnyc.com/photo-booth-rentals/,301,ignore
https://www.proposalperfectionnyc.com/corporate-events-3,https://www.proposalperfectionnyc.com/corporate-events/,301,ignore
https://www.proposalperfectionnyc.com/corporate-events-3/,https://www.proposalperfectionnyc.com/corporate-events/,301,ignore
https://www.proposalperfectionnyc.com/flower-walls-4,https://www.proposalperfectionnyc.com/flower-walls/,301,ignore
https://www.proposalperfectionnyc.com/flower-walls-4/,https://www.proposalperfectionnyc.com/flower-walls/,301,ignore
https://www.proposalperfectionnyc.com/nyc-flower-wall-rentals-2,https://www.proposalperfectionnyc.com/about/,301,ignore
https://www.proposalperfectionnyc.com/nyc-flower-wall-rentals-2/,https://www.proposalperfectionnyc.com/about/,301,ignore
https://www.proposalperfectionnyc.com/flower-wall-rentals-nj,https://www.proposalperfectionnyc.com/,301,ignore
https://www.proposalperfectionnyc.com/flower-wall-rentals-nj/,https://www.proposalperfectionnyc.com/,301,ignore
https://www.proposalperfectionnyc.com/blog,https://www.proposalperfectionnyc.com/,301,ignore
https://www.proposalperfectionnyc.com/blog/,https://www.proposalperfectionnyc.com/,301,ignore
https://www.proposalperfectionnyc.com/hello-world/,https://www.proposalperfectionnyc.com/,301,ignore
https://www.proposalperfectionnyc.com/hello-world,https://www.proposalperfectionnyc.com/,301,ignore
https://www.proposalperfectionnyc.com/hello-world-2/,https://www.proposalperfectionnyc.com/,301,ignore
https://www.proposalperfectionnyc.com/hello-world-2,https://www.proposalperfectionnyc.com/,301,ignore
https://www.proposalperfectionnyc.com/hello-world-2-2/,https://www.proposalperfectionnyc.com/,301,ignore
https://www.proposalperfectionnyc.com/hello-world-2-2,https://www.proposalperfectionnyc.com/,301,ignore
https://www.proposalperfectionnyc.com/hello-world-2-3/,https://www.proposalperfectionnyc.com/,301,ignore
https://www.proposalperfectionnyc.com/hello-world-2-3,https://www.proposalperfectionnyc.com/,301,ignore
https://www.proposalperfectionnyc.com/how-lorem-ipsum-amet-glavrida-dolor/,https://www.proposalperfectionnyc.com/,301,ignore
https://www.proposalperfectionnyc.com/how-lorem-ipsum-amet-glavrida-dolor,https://www.proposalperfectionnyc.com/,301,ignore
https://www.proposalperfectionnyc.com/why-amet-lorem-dolor-glavrida-agestas/,https://www.proposalperfectionnyc.com/,301,ignore
https://www.proposalperfectionnyc.com/why-amet-lorem-dolor-glavrida-agestas,https://www.proposalperfectionnyc.com/,301,ignore
https://www.proposalperfectionnyc.com/10-ways-how-to-lorem-ipsum-glavrida-dolor-amet/,https://www.proposalperfectionnyc.com/,301,ignore
https://www.proposalperfectionnyc.com/10-ways-how-to-lorem-ipsum-glavrida-dolor-amet,https://www.proposalperfectionnyc.com/,301,ignore
https://www.proposalperfectionnyc.com/lorem-ipsum-dolor-glavrida-amet/,https://www.proposalperfectionnyc.com/,301,ignore
https://www.proposalperfectionnyc.com/lorem-ipsum-dolor-glavrida-amet,https://www.proposalperfectionnyc.com/,301,ignore
https://www.proposalperfectionnyc.com/how-to-make-lorem-ipsum-dolor-sit-glavrida/,https://www.proposalperfectionnyc.com/,301,ignore
https://www.proposalperfectionnyc.com/how-to-make-lorem-ipsum-dolor-sit-glavrida,https://www.proposalperfectionnyc.com/,301,ignore
https://www.proposalperfectionnyc.com/consectetur-adipiscing-elit-sed-do-eiusmod-tempor/,https://www.proposalperfectionnyc.com/,301,ignore
https://www.proposalperfectionnyc.com/consectetur-adipiscing-elit-sed-do-eiusmod-tempor,https://www.proposalperfectionnyc.com/,301,ignore
https://www.proposalperfectionnyc.com/dolor-sit-amet-consectetur-adipiscing-elit/,https://www.proposalperfectionnyc.com/,301,ignore
https://www.proposalperfectionnyc.com/dolor-sit-amet-consectetur-adipiscing-elit,https://www.proposalperfectionnyc.com/,301,ignore
https://www.proposalperfectionnyc.com/tempor-incididunt-ut-labore-et-dolore-magna-aliqua/,https://www.proposalperfectionnyc.com/,301,ignore
https://www.proposalperfectionnyc.com/tempor-incididunt-ut-labore-et-dolore-magna-aliqua,https://www.proposalperfectionnyc.com/,301,ignore
https://www.proposalperfectionnyc.com/cart/,https://www.proposalperfectionnyc.com/contact/,301,ignore
https://www.proposalperfectionnyc.com/cart,https://www.proposalperfectionnyc.com/contact/,301,ignore
https://www.proposalperfectionnyc.com/checkout/,https://www.proposalperfectionnyc.com/contact/,301,ignore
https://www.proposalperfectionnyc.com/checkout,https://www.proposalperfectionnyc.com/contact/,301,ignore
https://www.proposalperfectionnyc.com/shop/,https://www.proposalperfectionnyc.com/proposals/,301,ignore
https://www.proposalperfectionnyc.com/shop,https://www.proposalperfectionnyc.com/proposals/,301,ignore
