"#","Old page","Old page URL","Item / card name","CTA text","Shown on","Current destination URL","Booking account","Status","Action needed"
"1","(homepage)","https://proposalperfectionnyc.com/","Marriage Proposal Service NYC: Let us bring your dream proposal to life with stunning décor and unforgettable design touches!","Inquire Now","all devices","https://proposal-perfection-nyc.checkcherry.com/contact/11423","Proposal Perfection NYC (CORRECT)","HTTP 200 (live)","Keep as-is"
"2","(homepage)","https://proposalperfectionnyc.com/","3 Hearts Set","Inquire Now","all devices","https://proposal-perfection-nyc.checkcherry.com/reservation/set_event?event_type_id=123104","Proposal Perfection NYC (CORRECT)","HTTP 200 (live)","Keep as-is"
"3","(homepage)","https://proposalperfectionnyc.com/","Cloud 9","Inquire Now","all devices","https://proposal-perfection-nyc.checkcherry.com/reservation/set_event?event_type_id=123109","Proposal Perfection NYC (CORRECT)","HTTP 200 (live)","Keep as-is"
"4","(homepage)","https://proposalperfectionnyc.com/","Rosie","Inquire Now","all devices","https://proposal-perfection-nyc.checkcherry.com/reservation/set_event?event_type_id=123098","Proposal Perfection NYC (CORRECT)","HTTP 200 (live)","Keep as-is"
"5","(homepage)","https://proposalperfectionnyc.com/","Mrs. Gladys","Inquire Now","all devices","https://proposal-perfection-nyc.checkcherry.com/reservation/set_event?event_type_id=123097","Proposal Perfection NYC (CORRECT)","HTTP 200 (live)","Keep as-is"
"6","(homepage)","https://proposalperfectionnyc.com/","Halo","Inquire Now","all devices","https://proposal-perfection-nyc.checkcherry.com/reservation/set_event?event_type_id=123099","Proposal Perfection NYC (CORRECT)","HTTP 200 (live)","Keep as-is"
"7","(homepage)","https://proposalperfectionnyc.com/","Monterey","Inquire Now","all devices","https://proposal-perfection-nyc.checkcherry.com/reservation/set_event?event_type_id=123083","Proposal Perfection NYC (CORRECT)","HTTP 200 (live)","Keep as-is"
"8","(homepage)","https://proposalperfectionnyc.com/","Abigail","Inquire Now","all devices","https://proposal-perfection-nyc.checkcherry.com/reservation/set_event?event_type_id=61435","Proposal Perfection NYC (CORRECT)","HTTP 200 (live)","Keep as-is"
"9","(homepage)","https://proposalperfectionnyc.com/","Monarch","Inquire Now","all devices","https://proposal-perfection-nyc.checkcherry.com/reservation/set_event?event_type_id=61461","Proposal Perfection NYC (CORRECT)","HTTP 200 (live)","Keep as-is"
"10","(homepage)","https://proposalperfectionnyc.com/","Cold Sparks","Inquire Now","all devices","https://proposal-perfection-nyc.checkcherry.com/reservation/set_event?event_type_id=123092","Proposal Perfection NYC (CORRECT)","HTTP 200 (live)","Keep as-is"
"11","(homepage)","https://proposalperfectionnyc.com/","Confetti Machine","Inquire Now","all devices","https://proposal-perfection-nyc.checkcherry.com/reservation/set_event?event_type_id=123134","Proposal Perfection NYC (CORRECT)","HTTP 200 (live)","Keep as-is"
"12","(homepage)","https://proposalperfectionnyc.com/","Floral Runners","Inquire Now","all devices","https://proposal-perfection-nyc.checkcherry.com/reservation/set_event?event_type_id=123091","Proposal Perfection NYC (CORRECT)","HTTP 200 (live)","Keep as-is"
"13","(homepage)","https://proposalperfectionnyc.com/","Custom Packages","Inquire Now","all devices","https://proposal-perfection-nyc.checkcherry.com/reservation/set_event?event_type_id=123086","Proposal Perfection NYC (CORRECT)","HTTP 200 (live)","Keep as-is"
"14","(homepage)","https://proposalperfectionnyc.com/","Custom Marriage Proposal Services New York:","Inquire Now","desktop-only","https://nyc-flower-walls-rental.checkcherry.com/reservation","NYC Flower Walls Rental — WRONG BRAND","HTTP 200 (live)","REMAP to a Proposal Perfection NYC event/package"
"15","(homepage)","https://proposalperfectionnyc.com/","Ready to Pop The Big Question?","Lets Chat!","all devices","https://atlanta-flower-wall-rentals.checkcherry.com/reservation/set_event?package_group_id=32605","Flower Wall Rentals (Atlanta) — WRONG BRAND","HTTP 200 (live)","REMAP to a Proposal Perfection NYC event/package"
"16","add-ons","https://proposalperfectionnyc.com/add-ons/","Make your Event Shine With Our Event Rentals!","Inquire Now","all devices","http://iframe%20scrolling=no%20src=https://booking.flowerwallsnyc.com/widgets/lead-widget?font=Open%20Sans&fontsize=14&align=left&text=222222FF&bg=FFFFFF00&subcolor=FFFFFFFF&subbg=777777FF&first_name=1&first_name_w=1&last_name=1&last_name_w=2&email=1&email_w=4&telephone=1&telephone_w=5&additional_notes=1&additional_notes_w=19&subtext=Submit&submsg=Thank%20you,%20your%20form%20has%20been%20submitted.%20style=width:100%;border:none;/iframescript%20type=text/javascript%20src=https://booking.flowerwallsnyc.com/app/widget.js%20async%20defer/script","BROKEN — not a valid URL","MALFORMED","REBUILD — href contains a pasted embed snippet, button is dead"
"17","corporate-events-3","https://proposalperfectionnyc.com/corporate-events-3/","Magically Booth","Inquire Now","all devices","https://new-jersey-flower-wall-photo-booth-rentals.checkcherry.com/reservation/set_event?event_category_id=18120","New Jersey Flower Wall & Photo Booth Rentals — WRONG BRAND","HTTP 200 (live)","REMAP to a Proposal Perfection NYC event/package"
"18","corporate-events-3","https://proposalperfectionnyc.com/corporate-events-3/","Connect with Us","Lets Chat!","all devices","https://new-jersey-flower-wall-photo-booth-rentals.checkcherry.com/reservation/set_event?event_category_id=18120","New Jersey Flower Wall & Photo Booth Rentals — WRONG BRAND","HTTP 200 (live)","REMAP to a Proposal Perfection NYC event/package"
"19","customsigns","https://proposalperfectionnyc.com/customsigns/","Custom Signs NYC Illuminate Your Proposal with Our Custom Signs in NYC","Inquire Now","all devices","https://proposal-perfection-nyc.checkcherry.com/contact/11423","Proposal Perfection NYC (CORRECT)","HTTP 200 (live)","Keep as-is"
"20","customsigns","https://proposalperfectionnyc.com/customsigns/","Neon Signs","Inquire Now","all devices","https://proposal-perfection-nyc.checkcherry.com/reservation/set_event?event_type_id=89139","Proposal Perfection NYC (CORRECT)","HTTP 200 (live)","Keep as-is"
"21","customsigns","https://proposalperfectionnyc.com/customsigns/","Acrylic Signs","Inquire Now","all devices","https://proposal-perfection-nyc.checkcherry.com/reservation/set_event?event_type_id=89141","Proposal Perfection NYC (CORRECT)","HTTP 200 (live)","Keep as-is"
"22","customsigns","https://proposalperfectionnyc.com/customsigns/","Wooden Signs","Inquire Now","all devices","https://proposal-perfection-nyc.checkcherry.com/reservation/set_event?event_type_id=89140","Proposal Perfection NYC (CORRECT)","HTTP 200 (live)","Keep as-is"
"23","customsigns","https://proposalperfectionnyc.com/customsigns/","Ceremony Signs","Inquire Now","all devices","https://proposal-perfection-nyc.checkcherry.com/reservation/set_event?package_group_id=26390","Proposal Perfection NYC (CORRECT)","HTTP 200 (live)","Keep as-is"
"24","customsigns","https://proposalperfectionnyc.com/customsigns/","Logo Signs","Inquire Now","all devices","https://proposal-perfection-nyc.checkcherry.com/reservation/set_event?package_group_id=26390","Proposal Perfection NYC (CORRECT)","HTTP 200 (live)","Keep as-is"
"25","customsigns","https://proposalperfectionnyc.com/customsigns/","Table Signs","Inquire Now","all devices","https://proposal-perfection-nyc.checkcherry.com/reservation/set_event?package_group_id=26390","Proposal Perfection NYC (CORRECT)","HTTP 200 (live)","Keep as-is"
"26","customsigns","https://proposalperfectionnyc.com/customsigns/","Flower Wall Rentals","Inquire Now","MOBILE-ONLY","https://atlanta-flower-wall-rentals.checkcherry.com/reservation/set_event?event_type_id=70211","Flower Wall Rentals (Atlanta) — WRONG BRAND","HTTP 200 (live)","REMAP to a Proposal Perfection NYC event/package"
"27","customsigns","https://proposalperfectionnyc.com/customsigns/","Printing Services","Inquire Now","MOBILE-ONLY","https://atlanta-flower-wall-rentals.checkcherry.com/reservation/set_event?event_type_id=70211","Flower Wall Rentals (Atlanta) — WRONG BRAND","HTTP 200 (live)","REMAP to a Proposal Perfection NYC event/package"
"28","customsigns","https://proposalperfectionnyc.com/customsigns/","Photo Booth Rentals","Inquire Now","MOBILE-ONLY","https://atlanta-flower-wall-rentals.checkcherry.com/reservation/set_event?event_type_id=70211","Flower Wall Rentals (Atlanta) — WRONG BRAND","HTTP 200 (live)","REMAP to a Proposal Perfection NYC event/package"
"29","customsigns","https://proposalperfectionnyc.com/customsigns/","Custom Signs","Inquire Now","MOBILE-ONLY","https://atlanta-flower-wall-rentals.checkcherry.com/reservation/set_event?event_type_id=70211","Flower Wall Rentals (Atlanta) — WRONG BRAND","HTTP 200 (live)","REMAP to a Proposal Perfection NYC event/package"
"30","customsigns","https://proposalperfectionnyc.com/customsigns/","Flower Arches","Inquire Now","MOBILE-ONLY","https://atlanta-flower-wall-rentals.checkcherry.com/reservation/set_event?event_type_id=70211","Flower Wall Rentals (Atlanta) — WRONG BRAND","HTTP 200 (live)","REMAP to a Proposal Perfection NYC event/package"
"31","customsigns","https://proposalperfectionnyc.com/customsigns/","Flower Arches","Inquire Now","desktop-only","https://proposal-perfection-nyc.checkcherry.com/reservation/set_event?event_category_id=14078","Proposal Perfection NYC (CORRECT)","HTTP 200 (live)","Keep as-is"
"32","customsigns","https://proposalperfectionnyc.com/customsigns/","Flower Arches","Inquire Now","desktop-only","https://atlanta-flower-wall-rentals.checkcherry.com/reservation/set_event?event_type_id=70211","Flower Wall Rentals (Atlanta) — WRONG BRAND","HTTP 200 (live)","REMAP to a Proposal Perfection NYC event/package"
"33","customsigns","https://proposalperfectionnyc.com/customsigns/","Flower Arches","Inquire Now","desktop-only","https://proposal-perfection-nyc.checkcherry.com/reservation/set_event?event_category_id=18120","Proposal Perfection NYC (CORRECT)","HTTP 200 (live)","Keep as-is"
"34","customsigns","https://proposalperfectionnyc.com/customsigns/","Flower Arches","Inquire Now","desktop-only","https://proposal-perfection-nyc.checkcherry.com/reservation/set_event?package_group_id=26390","Proposal Perfection NYC (CORRECT)","HTTP 200 (live)","Keep as-is"
"35","customsigns","https://proposalperfectionnyc.com/customsigns/","Flower Arches","Inquire Now","desktop-only","https://proposal-perfection-nyc.checkcherry.com/reservation/set_event?package_group_id=35224","Proposal Perfection NYC (CORRECT)","HTTP 200 (live)","Keep as-is"
"36","customsigns","https://proposalperfectionnyc.com/customsigns/","Event Rentals nyc","Lets Chat!","all devices","https://proposal-perfection-nyc.checkcherry.com/contact/11423","Proposal Perfection NYC (CORRECT)","HTTP 200 (live)","Keep as-is"
"37","event-rental-new-york","https://proposalperfectionnyc.com/event-rental-new-york/","(no heading on card)","Inquire Now","all devices","https://atlanta-flower-wall-rentals.checkcherry.com/reservation/set_event?package_group_id=32605","Flower Wall Rentals (Atlanta) — WRONG BRAND","HTTP 200 (live)","REMAP to a Proposal Perfection NYC event/package"
"38","event-rental-new-york","https://proposalperfectionnyc.com/event-rental-new-york/","Rainbow Platinum","Inquire Now","all devices","https://proposal-perfection-nyc.checkcherry.com/reservation/set_event?event_type_id=123114","Proposal Perfection NYC (CORRECT)","HTTP 200 (live)","Keep as-is"
"39","event-rental-new-york","https://proposalperfectionnyc.com/event-rental-new-york/","Rainbow Gold","Inquire Now","all devices","https://proposal-perfection-nyc.checkcherry.com/reservation/set_event?event_type_id=123115","Proposal Perfection NYC (CORRECT)","HTTP 200 (live)","Keep as-is"
"40","event-rental-new-york","https://proposalperfectionnyc.com/event-rental-new-york/","Rainbow","Inquire Now","all devices","https://proposal-perfection-nyc.checkcherry.com/reservation/set_event?event_type_id=123116","Proposal Perfection NYC (CORRECT)","HTTP 200 (live)","Keep as-is"
"41","event-rental-new-york","https://proposalperfectionnyc.com/event-rental-new-york/","Rounded 3D","Inquire Now","all devices","https://proposal-perfection-nyc.checkcherry.com/reservation/set_event?event_type_id=123125","Proposal Perfection NYC (CORRECT)","HTTP 200 (live)","Keep as-is"
"42","event-rental-new-york","https://proposalperfectionnyc.com/event-rental-new-york/","Gold Rounded Gate Platinum","Inquire Now","all devices","https://proposal-perfection-nyc.checkcherry.com/reservation/set_event?event_type_id=123130","Proposal Perfection NYC (CORRECT)","HTTP 200 (live)","Keep as-is"
"43","event-rental-new-york","https://proposalperfectionnyc.com/event-rental-new-york/","Golden Rounded Gate","Inquire Now","all devices","https://proposal-perfection-nyc.checkcherry.com/reservation/set_event?event_type_id=123119","Proposal Perfection NYC (CORRECT)","HTTP 200 (live)","Keep as-is"
"44","event-rental-new-york","https://proposalperfectionnyc.com/event-rental-new-york/","Golden Square Gates","Inquire Now","all devices","https://proposal-perfection-nyc.checkcherry.com/reservation/set_event?event_type_id=123121","Proposal Perfection NYC (CORRECT)","HTTP 200 (live)","Keep as-is"
"45","event-rental-new-york","https://proposalperfectionnyc.com/event-rental-new-york/","Rounded Platinum Plus","Inquire Now","all devices","https://proposal-perfection-nyc.checkcherry.com/reservation/set_event?event_type_id=123136","Proposal Perfection NYC (CORRECT)","HTTP 200 (live)","Keep as-is"
"46","event-rental-new-york","https://proposalperfectionnyc.com/event-rental-new-york/","Round Panel Set","Inquire Now","all devices","https://proposal-perfection-nyc.checkcherry.com/reservation/set_event?event_type_id=123133","Proposal Perfection NYC (CORRECT)","HTTP 200 (live)","Keep as-is"
"47","event-rental-new-york","https://proposalperfectionnyc.com/event-rental-new-york/","2 Round Panels","Inquire Now","all devices","https://proposal-perfection-nyc.checkcherry.com/reservation/set_event?event_type_id=123133","Proposal Perfection NYC (CORRECT)","HTTP 200 (live)","Keep as-is"
"48","event-rental-new-york","https://proposalperfectionnyc.com/event-rental-new-york/","Half Rounded Panel Set","Inquire Now","all devices","https://proposal-perfection-nyc.checkcherry.com/reservation/set_event?event_type_id=124913","Proposal Perfection NYC (CORRECT)","HTTP 200 (live)","Keep as-is"
"49","event-rental-new-york","https://proposalperfectionnyc.com/event-rental-new-york/","2 Half Rounded Panels","Inquire Now","all devices","https://proposal-perfection-nyc.checkcherry.com/reservation/set_event?event_type_id=123139","Proposal Perfection NYC (CORRECT)","HTTP 200 (live)","Keep as-is"
"50","event-rental-new-york","https://proposalperfectionnyc.com/event-rental-new-york/","Set of 3 Rectangular Panels","Inquire Now","all devices","https://proposal-perfection-nyc.checkcherry.com/reservation/set_event?event_type_id=123140","Proposal Perfection NYC (CORRECT)","HTTP 200 (live)","Keep as-is"
"51","event-rental-new-york","https://proposalperfectionnyc.com/event-rental-new-york/","2 Rectangular Panels","Inquire Now","all devices","https://proposal-perfection-nyc.checkcherry.com/reservation/set_event?event_type_id=123141","Proposal Perfection NYC (CORRECT)","HTTP 200 (live)","Keep as-is"
"52","event-rental-new-york","https://proposalperfectionnyc.com/event-rental-new-york/","White/Gold Panel w/ Greenery","Inquire Now","all devices","https://proposal-perfection-nyc.checkcherry.com/reservation/set_event?event_type_id=123132","Proposal Perfection NYC (CORRECT)","HTTP 200 (live)","Keep as-is"
"53","event-rental-new-york","https://proposalperfectionnyc.com/event-rental-new-york/","White & Gold Panel w/ Flower Panel","Inquire Now","all devices","https://proposal-perfection-nyc.checkcherry.com/reservation/set_event?event_type_id=123132","Proposal Perfection NYC (CORRECT)","HTTP 200 (live)","Keep as-is"
"54","event-rental-new-york","https://proposalperfectionnyc.com/event-rental-new-york/","Golden Frame Set of 3","Inquire Now","all devices","https://proposal-perfection-nyc.checkcherry.com/reservation/set_event?event_type_id=123129","Proposal Perfection NYC (CORRECT)","HTTP 200 (live)","Keep as-is"
"55","event-rental-new-york","https://proposalperfectionnyc.com/event-rental-new-york/","Golden Gate Frame Set of 2","Inquire Now","all devices","https://proposal-perfection-nyc.checkcherry.com/reservation/set_event?event_type_id=123123","Proposal Perfection NYC (CORRECT)","HTTP 200 (live)","Keep as-is"
"56","event-rental-new-york","https://proposalperfectionnyc.com/event-rental-new-york/","Black Berry Frame Set of 3","Inquire Now","all devices","https://proposal-perfection-nyc.checkcherry.com/reservation/set_event?event_type_id=123128","Proposal Perfection NYC (CORRECT)","HTTP 200 (live)","Keep as-is"
"57","event-rental-new-york","https://proposalperfectionnyc.com/event-rental-new-york/","Black Berry Frame Set of 2","Inquire Now","all devices","https://proposal-perfection-nyc.checkcherry.com/reservation/set_event?event_type_id=123131","Proposal Perfection NYC (CORRECT)","HTTP 200 (live)","Keep as-is"
"58","event-rental-new-york","https://proposalperfectionnyc.com/event-rental-new-york/","Uplighting","Inquire Now","all devices","https://proposal-perfection-nyc.checkcherry.com/reservation/set_event?event_type_id=124916","Proposal Perfection NYC (CORRECT)","HTTP 200 (live)","Keep as-is"
"59","event-rental-new-york","https://proposalperfectionnyc.com/event-rental-new-york/","Confetti Machine","Inquire Now","all devices","https://proposal-perfection-nyc.checkcherry.com/reservation/set_event?event_type_id=123134","Proposal Perfection NYC (CORRECT)","HTTP 200 (live)","Keep as-is"
"60","event-rental-new-york","https://proposalperfectionnyc.com/event-rental-new-york/","Cold Spark Fountains","Inquire Now","all devices","https://proposal-perfection-nyc.checkcherry.com/reservation/set_event?event_type_id=123124","Proposal Perfection NYC (CORRECT)","HTTP 200 (live)","Keep as-is"
"61","event-rental-new-york","https://proposalperfectionnyc.com/event-rental-new-york/","Fog Machine","Inquire Now","all devices","https://proposal-perfection-nyc.checkcherry.com/reservation/set_event?event_type_id=123117","Proposal Perfection NYC (CORRECT)","HTTP 200 (live)","Keep as-is"
"62","event-rental-new-york","https://proposalperfectionnyc.com/event-rental-new-york/","Floral Runners","Inquire Now","all devices","https://proposal-perfection-nyc.checkcherry.com/reservation/set_event?event_type_id=123091","Proposal Perfection NYC (CORRECT)","HTTP 200 (live)","Keep as-is"
"63","event-rental-new-york","https://proposalperfectionnyc.com/event-rental-new-york/","Candles","Inquire Now","all devices","https://proposal-perfection-nyc.checkcherry.com/reservation/set_event?event_type_id=123090","Proposal Perfection NYC (CORRECT)","HTTP 200 (live)","Keep as-is"
"64","event-rental-new-york","https://proposalperfectionnyc.com/event-rental-new-york/","Rose Petals","Inquire Now","all devices","https://proposal-perfection-nyc.checkcherry.com/reservation/set_event?event_type_id=123089","Proposal Perfection NYC (CORRECT)","HTTP 200 (live)","Keep as-is"
"65","event-rental-new-york","https://proposalperfectionnyc.com/event-rental-new-york/","Floral Accents","Inquire Now","all devices","https://proposal-perfection-nyc.checkcherry.com/reservation/set_event?event_type_id=123088","Proposal Perfection NYC (CORRECT)","HTTP 200 (live)","Keep as-is"
"66","event-rental-new-york","https://proposalperfectionnyc.com/event-rental-new-york/","Flower Wall & Gold/Green","Inquire Now","all devices","https://proposal-perfection-nyc.checkcherry.com/reservation/set_event?event_type_id=124920","Proposal Perfection NYC (CORRECT)","HTTP 200 (live)","Keep as-is"
"67","event-rental-new-york","https://proposalperfectionnyc.com/event-rental-new-york/","Flower Wall & 2 Panels","Inquire Now","all devices","https://proposal-perfection-nyc.checkcherry.com/reservation/set_event?event_type_id=123866","Proposal Perfection NYC (CORRECT)","HTTP 200 (live)","Keep as-is"
"68","event-rental-new-york","https://proposalperfectionnyc.com/event-rental-new-york/","Flower Wall & Golden Gates","Inquire Now","all devices","https://proposal-perfection-nyc.checkcherry.com/reservation/set_event?event_type_id=123126","Proposal Perfection NYC (CORRECT)","HTTP 200 (live)","Keep as-is"
"69","event-rental-new-york","https://proposalperfectionnyc.com/event-rental-new-york/","Custom Packages","Inquire Now","all devices","https://proposal-perfection-nyc.checkcherry.com/reservation/set_event?event_type_id=123118","Proposal Perfection NYC (CORRECT)","HTTP 200 (live)","Keep as-is"
"70","event-rental-new-york","https://proposalperfectionnyc.com/event-rental-new-york/","Our add-on services will complete your flower wall rental perfectly.","Reserve Now","all devices","https://atlanta-flower-wall-rentals.checkcherry.com/reservation/set_event?package_group_id=32605","Flower Wall Rentals (Atlanta) — WRONG BRAND","HTTP 200 (live)","REMAP to a Proposal Perfection NYC event/package"
"71","event-rental-new-york","https://proposalperfectionnyc.com/event-rental-new-york/","Flower Wall Rentals","Inquire Now","MOBILE-ONLY","https://proposal-perfection-nyc.checkcherry.com/reservation/set_event?event_category_id=18124","Proposal Perfection NYC (CORRECT)","HTTP 200 (live)","Keep as-is"
"72","event-rental-new-york","https://proposalperfectionnyc.com/event-rental-new-york/","Printing Services","Inquire Now","MOBILE-ONLY","https://proposal-perfection-nyc.checkcherry.com/reservation/set_event?event_category_id=18124","Proposal Perfection NYC (CORRECT)","HTTP 200 (live)","Keep as-is"
"73","event-rental-new-york","https://proposalperfectionnyc.com/event-rental-new-york/","Photo Booth Rentals","Inquire Now","MOBILE-ONLY","https://proposal-perfection-nyc.checkcherry.com/reservation/set_event?event_category_id=18120","Proposal Perfection NYC (CORRECT)","HTTP 200 (live)","Keep as-is"
"74","event-rental-new-york","https://proposalperfectionnyc.com/event-rental-new-york/","Custom Signs","Inquire Now","MOBILE-ONLY","https://proposal-perfection-nyc.checkcherry.com/reservation/set_event?package_group_id=26390","Proposal Perfection NYC (CORRECT)","HTTP 200 (live)","Keep as-is"
"75","event-rental-new-york","https://proposalperfectionnyc.com/event-rental-new-york/","Flower Arches","Inquire Now","MOBILE-ONLY","https://atlanta-flower-wall-rentals.checkcherry.com/reservation/set_event?event_type_id=70211","Flower Wall Rentals (Atlanta) — WRONG BRAND","HTTP 200 (live)","REMAP to a Proposal Perfection NYC event/package"
"76","event-rental-new-york","https://proposalperfectionnyc.com/event-rental-new-york/","Flower Arches","Inquire Now","desktop-only","https://proposal-perfection-nyc.checkcherry.com/reservation/set_event?package_group_id=20105","Proposal Perfection NYC (CORRECT)","HTTP 200 (live)","Keep as-is"
"77","event-rental-new-york","https://proposalperfectionnyc.com/event-rental-new-york/","Flower Arches","Inquire Now","desktop-only","https://proposal-perfection-nyc.checkcherry.com/reservation/set_event?package_group_id=20105","Proposal Perfection NYC (CORRECT)","HTTP 200 (live)","Keep as-is"
"78","event-rental-new-york","https://proposalperfectionnyc.com/event-rental-new-york/","Flower Arches","Inquire Now","desktop-only","https://proposal-perfection-nyc.checkcherry.com/reservation/set_event?event_category_id=18120","Proposal Perfection NYC (CORRECT)","HTTP 200 (live)","Keep as-is"
"79","event-rental-new-york","https://proposalperfectionnyc.com/event-rental-new-york/","Flower Arches","Inquire Now","desktop-only","https://proposal-perfection-nyc.checkcherry.com/reservation/set_event?event_category_id=18117","Proposal Perfection NYC (CORRECT)","HTTP 200 (live)","Keep as-is"
"80","event-rental-new-york","https://proposalperfectionnyc.com/event-rental-new-york/","Flower Arches","Inquire Now","desktop-only","https://proposal-perfection-nyc.checkcherry.com/reservation/set_event?package_group_id=35224","Proposal Perfection NYC (CORRECT)","HTTP 200 (live)","Keep as-is"
"81","event-rental-new-york","https://proposalperfectionnyc.com/event-rental-new-york/","Event Rentals NYC","Lets Chat!","all devices","https://proposal-perfection-nyc.checkcherry.com/contact/11423","Proposal Perfection NYC (CORRECT)","HTTP 200 (live)","Keep as-is"
"82","flower-arch-new-york","https://proposalperfectionnyc.com/flower-arch-new-york/","Create Unforgettable Experiences With Our Event Rental NYC !","Inquire Now","all devices","https://proposal-perfection-nyc.checkcherry.com/reservation","Proposal Perfection NYC (CORRECT)","HTTP 200 (live)","Keep as-is"
"83","flower-arch-new-york","https://proposalperfectionnyc.com/flower-arch-new-york/","Cupid Squared","Inquire Now","all devices","https://proposal-perfection-nyc.checkcherry.com/reservation/set_event?event_type_id=123074","Proposal Perfection NYC (CORRECT)","HTTP 200 (live)","Keep as-is"
"84","flower-arch-new-york","https://proposalperfectionnyc.com/flower-arch-new-york/","Heavenly","Inquire Now","all devices","https://proposal-perfection-nyc.checkcherry.com/reservation/set_event?event_type_id=123073","Proposal Perfection NYC (CORRECT)","HTTP 200 (live)","Keep as-is"
"85","flower-arch-new-york","https://proposalperfectionnyc.com/flower-arch-new-york/","Infinity","Inquire Now","all devices","https://proposal-perfection-nyc.checkcherry.com/reservation/set_event?event_type_id=123072","Proposal Perfection NYC (CORRECT)","HTTP 200 (live)","Keep as-is"
"86","flower-arch-new-york","https://proposalperfectionnyc.com/flower-arch-new-york/","Snow Flake","Inquire Now","all devices","https://proposal-perfection-nyc.checkcherry.com/reservation/set_event?event_type_id=123071","Proposal Perfection NYC (CORRECT)","HTTP 200 (live)","Keep as-is"
"87","flower-arch-new-york","https://proposalperfectionnyc.com/flower-arch-new-york/","Rosie","Inquire Now","all devices","https://proposal-perfection-nyc.checkcherry.com/reservation/set_event?event_type_id=123070","Proposal Perfection NYC (CORRECT)","HTTP 200 (live)","Keep as-is"
"88","flower-arch-new-york","https://proposalperfectionnyc.com/flower-arch-new-york/","Avirl","Inquire Now","all devices","https://proposal-perfection-nyc.checkcherry.com/reservation/set_event?event_type_id=123069","Proposal Perfection NYC (CORRECT)","HTTP 200 (live)","Keep as-is"
"89","flower-arch-new-york","https://proposalperfectionnyc.com/flower-arch-new-york/","Marie","Inquire Now","all devices","https://proposal-perfection-nyc.checkcherry.com/reservation/set_event?event_type_id=123067","Proposal Perfection NYC (CORRECT)","HTTP 200 (live)","Keep as-is"
"90","flower-arch-new-york","https://proposalperfectionnyc.com/flower-arch-new-york/","Glady's","Inquire Now","all devices","https://proposal-perfection-nyc.checkcherry.com/reservation/set_event?event_type_id=123068","Proposal Perfection NYC (CORRECT)","HTTP 200 (live)","Keep as-is"
"91","flower-arch-new-york","https://proposalperfectionnyc.com/flower-arch-new-york/","Infinity","Inquire Now","all devices","https://proposal-perfection-nyc.checkcherry.com/reservation/set_event?event_type_id=123066","Proposal Perfection NYC (CORRECT)","HTTP 200 (live)","Keep as-is"
"92","flower-arch-new-york","https://proposalperfectionnyc.com/flower-arch-new-york/","Snowflake","Inquire Now","all devices","https://atlanta-flower-wall-rentals.checkcherry.com/reservation/set_event?event_type_id=113035","Flower Wall Rentals (Atlanta) — WRONG BRAND","HTTP 200 (live)","REMAP to a Proposal Perfection NYC event/package"
"93","flower-arch-new-york","https://proposalperfectionnyc.com/flower-arch-new-york/","C","Inquire Now","all devices","https://proposal-perfection-nyc.checkcherry.com/reservation/set_event?event_type_id=124002","Proposal Perfection NYC (CORRECT)","HTTP 200 (live)","Keep as-is"
"94","flower-arch-new-york","https://proposalperfectionnyc.com/flower-arch-new-york/","Heavenly","Inquire Now","all devices","https://proposal-perfection-nyc.checkcherry.com/reservation/set_event?event_type_id=123063","Proposal Perfection NYC (CORRECT)","HTTP 200 (live)","Keep as-is"
"95","flower-arch-new-york","https://proposalperfectionnyc.com/flower-arch-new-york/","Mi'Amor","Inquire Now","all devices","https://atlanta-flower-wall-rentals.checkcherry.com/reservation/set_event?event_type_id=113046","Flower Wall Rentals (Atlanta) — WRONG BRAND","HTTP 200 (live)","REMAP to a Proposal Perfection NYC event/package"
"96","flower-arch-new-york","https://proposalperfectionnyc.com/flower-arch-new-york/","Artica","Inquire Now","all devices","https://proposal-perfection-nyc.checkcherry.com/reservation/set_event?event_type_id=123061","Proposal Perfection NYC (CORRECT)","HTTP 200 (live)","Keep as-is"
"97","flower-arch-new-york","https://proposalperfectionnyc.com/flower-arch-new-york/","Joy","Inquire Now","all devices","https://proposal-perfection-nyc.checkcherry.com/reservation/set_event?event_type_id=123060","Proposal Perfection NYC (CORRECT)","HTTP 200 (live)","Keep as-is"
"98","flower-arch-new-york","https://proposalperfectionnyc.com/flower-arch-new-york/","Monterey","Inquire Now","all devices","https://proposal-perfection-nyc.checkcherry.com/reservation/set_event?event_type_id=123078","Proposal Perfection NYC (CORRECT)","HTTP 200 (live)","Keep as-is"
"99","flower-arch-new-york","https://proposalperfectionnyc.com/flower-arch-new-york/","Cupid","Inquire Now","all devices","https://proposal-perfection-nyc.checkcherry.com/reservation/set_event?event_type_id=123077","Proposal Perfection NYC (CORRECT)","HTTP 200 (live)","Keep as-is"
"100","flower-arch-new-york","https://proposalperfectionnyc.com/flower-arch-new-york/","Infinity","Inquire Now","all devices","https://proposal-perfection-nyc.checkcherry.com/reservation/set_event?event_type_id=123076","Proposal Perfection NYC (CORRECT)","HTTP 200 (live)","Keep as-is"
"101","flower-arch-new-york","https://proposalperfectionnyc.com/flower-arch-new-york/","Cloud 9","Inquire Now","all devices","https://proposal-perfection-nyc.checkcherry.com/reservation/set_event?event_type_id=124003","Proposal Perfection NYC (CORRECT)","HTTP 200 (live)","Keep as-is"
"102","flower-arch-new-york","https://proposalperfectionnyc.com/flower-arch-new-york/","Lotus Flower","Inquire Now","all devices","https://proposal-perfection-nyc.checkcherry.com/reservation/set_event?event_type_id=123063","Proposal Perfection NYC (CORRECT)","HTTP 200 (live)","Keep as-is"
"103","flower-arch-new-york","https://proposalperfectionnyc.com/flower-arch-new-york/","Cupid","Inquire Now","all devices","https://proposal-perfection-nyc.checkcherry.com/reservation/set_event?event_type_id=123059","Proposal Perfection NYC (CORRECT)","HTTP 200 (live)","Keep as-is"
"104","flower-arch-new-york","https://proposalperfectionnyc.com/flower-arch-new-york/","Infinity","Inquire Now","all devices","https://proposal-perfection-nyc.checkcherry.com/reservation/set_event?event_type_id=123058","Proposal Perfection NYC (CORRECT)","HTTP 200 (live)","Keep as-is"
"105","flower-arch-new-york","https://proposalperfectionnyc.com/flower-arch-new-york/","Cloud 9","Inquire Now","all devices","https://proposal-perfection-nyc.checkcherry.com/reservation/set_event?event_type_id=123056","Proposal Perfection NYC (CORRECT)","HTTP 200 (live)","Keep as-is"
"106","flower-arch-new-york","https://proposalperfectionnyc.com/flower-arch-new-york/","Lotus Flower","Inquire Now","all devices","https://proposal-perfection-nyc.checkcherry.com/reservation/set_event?event_type_id=123053","Proposal Perfection NYC (CORRECT)","HTTP 200 (live)","Keep as-is"
"107","flower-arch-new-york","https://proposalperfectionnyc.com/flower-arch-new-york/","Isis","Inquire Now","all devices","https://proposal-perfection-nyc.checkcherry.com/reservation/set_event?event_type_id=123054","Proposal Perfection NYC (CORRECT)","HTTP 200 (live)","Keep as-is"
"108","flower-arch-new-york","https://proposalperfectionnyc.com/flower-arch-new-york/","Set of 3 Hearts","Inquire Now","all devices","https://proposal-perfection-nyc.checkcherry.com/reservation/set_event?event_type_id=123055","Proposal Perfection NYC (CORRECT)","HTTP 200 (live)","Keep as-is"
"109","flower-arch-new-york","https://proposalperfectionnyc.com/flower-arch-new-york/","2 Hearts","Inquire Now","all devices","https://proposal-perfection-nyc.checkcherry.com/reservation/set_event?event_type_id=123052","Proposal Perfection NYC (CORRECT)","HTTP 200 (live)","Keep as-is"
"110","flower-arch-new-york","https://proposalperfectionnyc.com/flower-arch-new-york/","Eve","Inquire Now","all devices","https://proposal-perfection-nyc.checkcherry.com/reservation/set_event?event_type_id=123057","Proposal Perfection NYC (CORRECT)","HTTP 200 (live)","Keep as-is"
"111","flower-arch-new-york","https://proposalperfectionnyc.com/flower-arch-new-york/","Floral Runners","Inquire Now","all devices","https://proposal-perfection-nyc.checkcherry.com/reservation/set_event?event_type_id=123091","Proposal Perfection NYC (CORRECT)","HTTP 200 (live)","Keep as-is"
"112","flower-arch-new-york","https://proposalperfectionnyc.com/flower-arch-new-york/","Floral Accents","Inquire Now","all devices","https://proposal-perfection-nyc.checkcherry.com/reservation/set_event?event_type_id=123088","Proposal Perfection NYC (CORRECT)","HTTP 200 (live)","Keep as-is"
"113","flower-arch-new-york","https://proposalperfectionnyc.com/flower-arch-new-york/","3D Layered w/ Arch","Inquire Now","all devices","https://proposal-perfection-nyc.checkcherry.com/reservation/set_event?event_type_id=123114","Proposal Perfection NYC (CORRECT)","HTTP 200 (live)","Keep as-is"
"114","flower-arch-new-york","https://proposalperfectionnyc.com/flower-arch-new-york/","3 Panels w/ Arch","Inquire Now","all devices","https://proposal-perfection-nyc.checkcherry.com/reservation/set_event?event_type_id=123136","Proposal Perfection NYC (CORRECT)","HTTP 200 (live)","Keep as-is"
"115","flower-arch-new-york","https://proposalperfectionnyc.com/flower-arch-new-york/","Arch w/ Gate","Inquire Now","all devices","https://proposal-perfection-nyc.checkcherry.com/reservation/set_event?event_type_id=124904","Proposal Perfection NYC (CORRECT)","HTTP 200 (live)","Keep as-is"
"116","flower-arch-new-york","https://proposalperfectionnyc.com/flower-arch-new-york/","3D Panel w/ Arch","Inquire Now","all devices","https://proposal-perfection-nyc.checkcherry.com/reservation/set_event?event_type_id=124905","Proposal Perfection NYC (CORRECT)","HTTP 200 (live)","Keep as-is"
"117","flower-arch-new-york","https://proposalperfectionnyc.com/flower-arch-new-york/","Flower Wall w/Arch","Inquire Now","all devices","https://proposal-perfection-nyc.checkcherry.com/reservation/set_event?event_type_id=123086","Proposal Perfection NYC (CORRECT)","HTTP 200 (live)","Keep as-is"
"118","flower-arch-new-york","https://proposalperfectionnyc.com/flower-arch-new-york/","Custom Packages","Inquire Now","all devices","https://proposal-perfection-nyc.checkcherry.com/reservation/set_event?event_type_id=123118","Proposal Perfection NYC (CORRECT)","HTTP 200 (live)","Keep as-is"
"119","flower-arch-new-york","https://proposalperfectionnyc.com/flower-arch-new-york/","Our add-on services will complete your flower wall rental perfectly.","Reserve Now","all devices","https://atlanta-flower-wall-rentals.checkcherry.com/reservation/set_event?package_group_id=32605","Flower Wall Rentals (Atlanta) — WRONG BRAND","HTTP 200 (live)","REMAP to a Proposal Perfection NYC event/package"
"120","flower-arch-new-york","https://proposalperfectionnyc.com/flower-arch-new-york/","Flower Wall Rentals","Inquire Now","MOBILE-ONLY","https://atlanta-flower-wall-rentals.checkcherry.com/reservation/set_event?event_type_id=70211","Flower Wall Rentals (Atlanta) — WRONG BRAND","HTTP 200 (live)","REMAP to a Proposal Perfection NYC event/package"
"121","flower-arch-new-york","https://proposalperfectionnyc.com/flower-arch-new-york/","Printing Services","Inquire Now","MOBILE-ONLY","https://atlanta-flower-wall-rentals.checkcherry.com/reservation/set_event?event_type_id=70211","Flower Wall Rentals (Atlanta) — WRONG BRAND","HTTP 200 (live)","REMAP to a Proposal Perfection NYC event/package"
"122","flower-arch-new-york","https://proposalperfectionnyc.com/flower-arch-new-york/","Photo Booth Rentals","Inquire Now","MOBILE-ONLY","https://atlanta-flower-wall-rentals.checkcherry.com/reservation/set_event?event_type_id=70211","Flower Wall Rentals (Atlanta) — WRONG BRAND","HTTP 200 (live)","REMAP to a Proposal Perfection NYC event/package"
"123","flower-arch-new-york","https://proposalperfectionnyc.com/flower-arch-new-york/","Custom Signs","Inquire Now","MOBILE-ONLY","https://atlanta-flower-wall-rentals.checkcherry.com/reservation/set_event?event_type_id=70211","Flower Wall Rentals (Atlanta) — WRONG BRAND","HTTP 200 (live)","REMAP to a Proposal Perfection NYC event/package"
"124","flower-arch-new-york","https://proposalperfectionnyc.com/flower-arch-new-york/","Flower Arches","Inquire Now","MOBILE-ONLY","https://atlanta-flower-wall-rentals.checkcherry.com/reservation/set_event?event_type_id=70211","Flower Wall Rentals (Atlanta) — WRONG BRAND","HTTP 200 (live)","REMAP to a Proposal Perfection NYC event/package"
"125","flower-arch-new-york","https://proposalperfectionnyc.com/flower-arch-new-york/","Flower Arches","Inquire Now","desktop-only","https://atlanta-flower-wall-rentals.checkcherry.com/reservation/set_event?event_type_id=70211","Flower Wall Rentals (Atlanta) — WRONG BRAND","HTTP 200 (live)","REMAP to a Proposal Perfection NYC event/package"
"126","flower-arch-new-york","https://proposalperfectionnyc.com/flower-arch-new-york/","Flower Arches","Inquire Now","desktop-only","https://proposal-perfection-nyc.checkcherry.com/reservation/set_event?event_category_id=14078","Proposal Perfection NYC (CORRECT)","HTTP 200 (live)","Keep as-is"
"127","flower-arch-new-york","https://proposalperfectionnyc.com/flower-arch-new-york/","Flower Arches","Inquire Now","desktop-only","https://proposal-perfection-nyc.checkcherry.com/reservation/set_event?event_category_id=18120","Proposal Perfection NYC (CORRECT)","HTTP 200 (live)","Keep as-is"
"128","flower-arch-new-york","https://proposalperfectionnyc.com/flower-arch-new-york/","Flower Arches","Inquire Now","desktop-only","https://atlanta-flower-wall-rentals.checkcherry.com/reservation/set_event?event_type_id=70211","Flower Wall Rentals (Atlanta) — WRONG BRAND","HTTP 200 (live)","REMAP to a Proposal Perfection NYC event/package"
"129","flower-arch-new-york","https://proposalperfectionnyc.com/flower-arch-new-york/","Flower Arches","Inquire Now","desktop-only","https://proposal-perfection-nyc.checkcherry.com/reservation/set_event?event_category_id=14078","Proposal Perfection NYC (CORRECT)","HTTP 200 (live)","Keep as-is"
"130","flower-arch-new-york","https://proposalperfectionnyc.com/flower-arch-new-york/","Event Rentals NYC","Lets Chat!","all devices","https://atlanta-flower-wall-rentals.checkcherry.com/reservation/set_event?package_group_id=32605","Flower Wall Rentals (Atlanta) — WRONG BRAND","HTTP 200 (live)","REMAP to a Proposal Perfection NYC event/package"
"131","flower-walls-4","https://proposalperfectionnyc.com/flower-walls-4/","Abigail","Request A Quote","all devices","https://proposal-perfection-nyc.checkcherry.com/reservation/set_event?event_type_id=61435","Proposal Perfection NYC (CORRECT)","HTTP 200 (live)","Keep as-is"
"132","flower-walls-4","https://proposalperfectionnyc.com/flower-walls-4/","Ebony","Request A Quote","all devices","https://proposal-perfection-nyc.checkcherry.com/reservation/set_event?event_type_id=61434","Proposal Perfection NYC (CORRECT)","HTTP 200 (live)","Keep as-is"
"133","flower-walls-4","https://proposalperfectionnyc.com/flower-walls-4/","Adonis Blue","Request A Quote","all devices","https://proposal-perfection-nyc.checkcherry.com/reservation/set_event?event_type_id=61436","Proposal Perfection NYC (CORRECT)","HTTP 200 (live)","Keep as-is"
"134","flower-walls-4","https://proposalperfectionnyc.com/flower-walls-4/","Barbie Pink","Request A Quote","all devices","https://proposal-perfection-nyc.checkcherry.com/reservation/set_event?event_type_id=89128","Proposal Perfection NYC (CORRECT)","HTTP 200 (live)","Keep as-is"
"135","flower-walls-4","https://proposalperfectionnyc.com/flower-walls-4/","Ruby's Red","Request A Quote","all devices","https://proposal-perfection-nyc.checkcherry.com/reservation/set_event?event_type_id=89120","Proposal Perfection NYC (CORRECT)","HTTP 200 (live)","Keep as-is"
"136","flower-walls-4","https://proposalperfectionnyc.com/flower-walls-4/","Ombre","Request A Quote","all devices","https://proposal-perfection-nyc.checkcherry.com/reservation/set_event?event_type_id=89121","Proposal Perfection NYC (CORRECT)","HTTP 200 (live)","Keep as-is"
"137","flower-walls-4","https://proposalperfectionnyc.com/flower-walls-4/","Paradise","Request A Quote","all devices","https://proposal-perfection-nyc.checkcherry.com/reservation/set_event?event_type_id=68324","Proposal Perfection NYC (CORRECT)","HTTP 200 (live)","Keep as-is"
"138","flower-walls-4","https://proposalperfectionnyc.com/flower-walls-4/","Majestic","Request A Quote","all devices","https://proposal-perfection-nyc.checkcherry.com/reservation/set_event?event_type_id=89125","Proposal Perfection NYC (CORRECT)","HTTP 200 (live)","Keep as-is"
"139","flower-walls-4","https://proposalperfectionnyc.com/flower-walls-4/","Joy","Request A Quote","all devices","https://proposal-perfection-nyc.checkcherry.com/reservation/set_event?event_type_id=73789","Proposal Perfection NYC (CORRECT)","HTTP 200 (live)","Keep as-is"
"140","flower-walls-4","https://proposalperfectionnyc.com/flower-walls-4/","Mourning cloak","Request A Quote","all devices","https://proposal-perfection-nyc.checkcherry.com/reservation/set_event?event_type_id=61441","Proposal Perfection NYC (CORRECT)","HTTP 200 (live)","Keep as-is"
"141","flower-walls-4","https://proposalperfectionnyc.com/flower-walls-4/","Atlanta","Request A Quote","all devices","https://proposal-perfection-nyc.checkcherry.com/reservation/set_event?event_type_id=61452","Proposal Perfection NYC (CORRECT)","HTTP 200 (live)","Keep as-is"
"142","flower-walls-4","https://proposalperfectionnyc.com/flower-walls-4/","Pink Blush","Request A Quote","all devices","https://proposal-perfection-nyc.checkcherry.com/reservation/set_event?event_type_id=61453","Proposal Perfection NYC (CORRECT)","HTTP 200 (live)","Keep as-is"
"143","flower-walls-4","https://proposalperfectionnyc.com/flower-walls-4/","Jasmin","Request A Quote","all devices","https://proposal-perfection-nyc.checkcherry.com/reservation/set_event?event_type_id=89122","Proposal Perfection NYC (CORRECT)","HTTP 200 (live)","Keep as-is"
"144","flower-walls-4","https://proposalperfectionnyc.com/flower-walls-4/","Indigo Duskywing","Request A Quote","all devices","https://proposal-perfection-nyc.checkcherry.com/reservation/set_event?event_type_id=61456","Proposal Perfection NYC (CORRECT)","HTTP 200 (live)","Keep as-is"
"145","flower-walls-4","https://proposalperfectionnyc.com/flower-walls-4/","Tailed Jay","Request A Quote","all devices","https://proposal-perfection-nyc.checkcherry.com/reservation/set_event?event_type_id=61457","Proposal Perfection NYC (CORRECT)","HTTP 200 (live)","Keep as-is"
"146","flower-walls-4","https://proposalperfectionnyc.com/flower-walls-4/","Tailed Jay 2.0","Request A Quote","all devices","https://proposal-perfection-nyc.checkcherry.com/reservation/set_event?event_type_id=73770","Proposal Perfection NYC (CORRECT)","HTTP 200 (live)","Keep as-is"
"147","flower-walls-4","https://proposalperfectionnyc.com/flower-walls-4/","Chelsea","Request A Quote","all devices","https://proposal-perfection-nyc.checkcherry.com/reservation/set_event?event_type_id=61436","Proposal Perfection NYC (CORRECT)","HTTP 200 (live)","Keep as-is"
"148","flower-walls-4","https://proposalperfectionnyc.com/flower-walls-4/","Green Machine","Request A Quote","all devices","https://proposal-perfection-nyc.checkcherry.com/reservation/set_event?event_type_id=68323","Proposal Perfection NYC (CORRECT)","HTTP 200 (live)","Keep as-is"
"149","flower-walls-4","https://proposalperfectionnyc.com/flower-walls-4/","Pink Blush","Request A Quote","all devices","https://new-jersey-flower-wall-photo-booth-rentals.checkcherry.com/reservation/set_event?event_type_id=61435","New Jersey Flower Wall & Photo Booth Rentals — WRONG BRAND","HTTP 200 (live)","REMAP to a Proposal Perfection NYC event/package"
"150","flower-walls-4","https://proposalperfectionnyc.com/flower-walls-4/","Tan","Request A Quote","all devices","https://proposal-perfection-nyc.checkcherry.com/reservation/set_event?event_type_id=64168","Proposal Perfection NYC (CORRECT)","HTTP 200 (live)","Keep as-is"
"151","flower-walls-4","https://proposalperfectionnyc.com/flower-walls-4/","Purity","Request A Quote","all devices","https://proposal-perfection-nyc.checkcherry.com/reservation/set_event?event_type_id=89123","Proposal Perfection NYC (CORRECT)","HTTP 200 (live)","Keep as-is"
"152","flower-walls-4","https://proposalperfectionnyc.com/flower-walls-4/","Pavon","Request A Quote","all devices","https://proposal-perfection-nyc.checkcherry.com/reservation/set_event?event_type_id=64178","Proposal Perfection NYC (CORRECT)","HTTP 200 (live)","Keep as-is"
"153","flower-walls-4","https://proposalperfectionnyc.com/flower-walls-4/","Hawaiian","Request A Quote","all devices","https://proposal-perfection-nyc.checkcherry.com/reservation/set_event?event_type_id=61459","Proposal Perfection NYC (CORRECT)","HTTP 200 (live)","Keep as-is"
"154","flower-walls-4","https://proposalperfectionnyc.com/flower-walls-4/","Monarch","Request A Quote","all devices","https://proposal-perfection-nyc.checkcherry.com/reservation/set_event?event_type_id=61461","Proposal Perfection NYC (CORRECT)","HTTP 200 (live)","Keep as-is"
"155","flower-walls-4","https://proposalperfectionnyc.com/flower-walls-4/","Pink Arcadia","Request A Quote","all devices","https://new-jersey-flower-wall-photo-booth-rentals.checkcherry.com/reservation/set_event?event_type_id=61435","New Jersey Flower Wall & Photo Booth Rentals — WRONG BRAND","HTTP 200 (live)","REMAP to a Proposal Perfection NYC event/package"
"156","flower-walls-4","https://proposalperfectionnyc.com/flower-walls-4/","Arctic Admiral","Request A Quote","all devices","https://proposal-perfection-nyc.checkcherry.com/reservation/set_event?event_type_id=61463","Proposal Perfection NYC (CORRECT)","HTTP 200 (live)","Keep as-is"
"157","flower-walls-4","https://proposalperfectionnyc.com/flower-walls-4/","Red Admiral","Request A Quote","all devices","https://proposal-perfection-nyc.checkcherry.com/reservation/set_event?event_type_id=61464","Proposal Perfection NYC (CORRECT)","HTTP 200 (live)","Keep as-is"
"158","flower-walls-4","https://proposalperfectionnyc.com/flower-walls-4/","American Lady","Request A Quote","all devices","https://proposal-perfection-nyc.checkcherry.com/reservation/set_event?event_type_id=61465","Proposal Perfection NYC (CORRECT)","HTTP 200 (live)","Keep as-is"
"159","flower-walls-4","https://proposalperfectionnyc.com/flower-walls-4/","Chloe","Request A Quote","all devices","https://proposal-perfection-nyc.checkcherry.com/reservation/set_event?event_type_id=61466","Proposal Perfection NYC (CORRECT)","HTTP 200 (live)","Keep as-is"
"160","flower-walls-4","https://proposalperfectionnyc.com/flower-walls-4/","Venessa","Request A Quote","all devices","https://proposal-perfection-nyc.checkcherry.com/reservation/set_event?event_type_id=61467","Proposal Perfection NYC (CORRECT)","HTTP 200 (live)","Keep as-is"
"161","flower-walls-4","https://proposalperfectionnyc.com/flower-walls-4/","Sunrise","Request A Quote","all devices","https://proposal-perfection-nyc.checkcherry.com/reservation/set_event?event_type_id=89316","Proposal Perfection NYC (CORRECT)","HTTP 200 (live)","Keep as-is"
"162","flower-walls-4","https://proposalperfectionnyc.com/flower-walls-4/","Greenstreak","Request A Quote","all devices","https://proposal-perfection-nyc.checkcherry.com/reservation/set_event?event_type_id=61469","Proposal Perfection NYC (CORRECT)","HTTP 200 (live)","Keep as-is"
"163","flower-walls-4","https://proposalperfectionnyc.com/flower-walls-4/","Amazon","Request A Quote","all devices","https://proposal-perfection-nyc.checkcherry.com/reservation/set_event?event_type_id=61462","Proposal Perfection NYC (CORRECT)","HTTP 200 (live)","Keep as-is"
"164","flower-walls-4","https://proposalperfectionnyc.com/flower-walls-4/","Rainbow","Request A Quote","all devices","https://proposal-perfection-nyc.checkcherry.com/reservation/set_event?event_type_id=117501","Proposal Perfection NYC (CORRECT)","HTTP 200 (live)","Keep as-is"
"165","flower-walls-4","https://proposalperfectionnyc.com/flower-walls-4/","Purple Baby","Request A Quote","all devices","https://proposal-perfection-nyc.checkcherry.com/reservation/set_event?event_type_id=117481","Proposal Perfection NYC (CORRECT)","HTTP 200 (live)","Keep as-is"
"166","flower-walls-4","https://proposalperfectionnyc.com/flower-walls-4/","Pink Butterfly","Request A Quote","all devices","https://proposal-perfection-nyc.checkcherry.com/reservation/set_event?event_type_id=117498","Proposal Perfection NYC (CORRECT)","HTTP 200 (live)","Keep as-is"
"167","flower-walls-4","https://proposalperfectionnyc.com/flower-walls-4/","Pink & Purple Ombre","Request A Quote","all devices","https://proposal-perfection-nyc.checkcherry.com/reservation/set_event?event_type_id=117543","Proposal Perfection NYC (CORRECT)","HTTP 200 (live)","Keep as-is"
"168","flower-walls-4","https://proposalperfectionnyc.com/flower-walls-4/","Pink & Blue","Request A Quote","all devices","https://proposal-perfection-nyc.checkcherry.com/reservation/set_event?event_type_id=117496","Proposal Perfection NYC (CORRECT)","HTTP 200 (live)","Keep as-is"
"169","flower-walls-4","https://proposalperfectionnyc.com/flower-walls-4/","Peacock Butterfly","Request A Quote","all devices","https://proposal-perfection-nyc.checkcherry.com/reservation/set_event?event_type_id=117497","Proposal Perfection NYC (CORRECT)","HTTP 200 (live)","Keep as-is"
"170","flower-walls-4","https://proposalperfectionnyc.com/flower-walls-4/","Paris","Request A Quote","all devices","https://proposal-perfection-nyc.checkcherry.com/reservation/set_event?event_type_id=117512","Proposal Perfection NYC (CORRECT)","HTTP 200 (live)","Keep as-is"
"171","flower-walls-4","https://proposalperfectionnyc.com/flower-walls-4/","Bali","Request A Quote","all devices","https://proposal-perfection-nyc.checkcherry.com/reservation/set_event?event_type_id=117511","Proposal Perfection NYC (CORRECT)","HTTP 200 (live)","Keep as-is"
"172","flower-walls-4","https://proposalperfectionnyc.com/flower-walls-4/","Palm","Request A Quote","all devices","https://proposal-perfection-nyc.checkcherry.com/reservation/set_event?event_type_id=117491","Proposal Perfection NYC (CORRECT)","HTTP 200 (live)","Keep as-is"
"173","flower-walls-4","https://proposalperfectionnyc.com/flower-walls-4/","(no heading on card)","Request A Quote","all devices","https://proposal-perfection-nyc.checkcherry.com/reservation/set_event?event_type_id=117448","Proposal Perfection NYC (CORRECT)","HTTP 200 (live)","Keep as-is"
"174","flower-walls-4","https://proposalperfectionnyc.com/flower-walls-4/","Sunset","Request A Quote","all devices","https://proposal-perfection-nyc.checkcherry.com/reservation/set_event?event_type_id=117450","Proposal Perfection NYC (CORRECT)","HTTP 200 (live)","Keep as-is"
"175","flower-walls-4","https://proposalperfectionnyc.com/flower-walls-4/","Rio De Janerio","Request A Quote","all devices","https://proposal-perfection-nyc.checkcherry.com/reservation/set_event?event_type_id=117446","Proposal Perfection NYC (CORRECT)","HTTP 200 (live)","Keep as-is"
"176","flower-walls-4","https://proposalperfectionnyc.com/flower-walls-4/","Pink Butterfly Arch","Request A Quote","all devices","https://proposal-perfection-nyc.checkcherry.com/reservation/set_event?event_type_id=117515","Proposal Perfection NYC (CORRECT)","HTTP 200 (live)","Keep as-is"
"177","flower-walls-4","https://proposalperfectionnyc.com/flower-walls-4/","Cee Indigo","Request A Quote","all devices","https://proposal-perfection-nyc.checkcherry.com/reservation/set_event?event_type_id=117513","Proposal Perfection NYC (CORRECT)","HTTP 200 (live)","Keep as-is"
"178","flower-walls-4","https://proposalperfectionnyc.com/flower-walls-4/","Rio De Janerio","Request A Quote","all devices","https://proposal-perfection-nyc.checkcherry.com/reservation/set_event?event_type_id=117513","Proposal Perfection NYC (CORRECT)","HTTP 200 (live)","Keep as-is"
"179","nyc-flower-wall-rentals-2","https://proposalperfectionnyc.com/nyc-flower-wall-rentals-2/","About Proposal Perfection","Inquire Now","all devices","https://nyc-flower-walls-rental.checkcherry.com/reservation","NYC Flower Walls Rental — WRONG BRAND","HTTP 200 (live)","REMAP to a Proposal Perfection NYC event/package"
"180","nyc-flower-wall-rentals-2","https://proposalperfectionnyc.com/nyc-flower-wall-rentals-2/","Flower Wall Rentals","Inquire Now","MOBILE-ONLY","https://atlanta-flower-wall-rentals.checkcherry.com/reservation/set_event?event_type_id=70211","Flower Wall Rentals (Atlanta) — WRONG BRAND","HTTP 200 (live)","REMAP to a Proposal Perfection NYC event/package"
"181","nyc-flower-wall-rentals-2","https://proposalperfectionnyc.com/nyc-flower-wall-rentals-2/","Printing Services","Inquire Now","MOBILE-ONLY","https://atlanta-flower-wall-rentals.checkcherry.com/reservation/set_event?event_type_id=70211","Flower Wall Rentals (Atlanta) — WRONG BRAND","HTTP 200 (live)","REMAP to a Proposal Perfection NYC event/package"
"182","nyc-flower-wall-rentals-2","https://proposalperfectionnyc.com/nyc-flower-wall-rentals-2/","Photo Booth Rentals","Inquire Now","MOBILE-ONLY","https://atlanta-flower-wall-rentals.checkcherry.com/reservation/set_event?event_type_id=70211","Flower Wall Rentals (Atlanta) — WRONG BRAND","HTTP 200 (live)","REMAP to a Proposal Perfection NYC event/package"
"183","nyc-flower-wall-rentals-2","https://proposalperfectionnyc.com/nyc-flower-wall-rentals-2/","Custom Signs","Inquire Now","MOBILE-ONLY","https://atlanta-flower-wall-rentals.checkcherry.com/reservation/set_event?event_type_id=70211","Flower Wall Rentals (Atlanta) — WRONG BRAND","HTTP 200 (live)","REMAP to a Proposal Perfection NYC event/package"
"184","nyc-flower-wall-rentals-2","https://proposalperfectionnyc.com/nyc-flower-wall-rentals-2/","Flower Arches","Inquire Now","MOBILE-ONLY","https://atlanta-flower-wall-rentals.checkcherry.com/reservation/set_event?event_type_id=70211","Flower Wall Rentals (Atlanta) — WRONG BRAND","HTTP 200 (live)","REMAP to a Proposal Perfection NYC event/package"
"185","nyc-flower-wall-rentals-2","https://proposalperfectionnyc.com/nyc-flower-wall-rentals-2/","Flower Arches","Inquire Now","desktop-only","https://atlanta-flower-wall-rentals.checkcherry.com/reservation/set_event?event_type_id=70211","Flower Wall Rentals (Atlanta) — WRONG BRAND","HTTP 200 (live)","REMAP to a Proposal Perfection NYC event/package"
"186","nyc-flower-wall-rentals-2","https://proposalperfectionnyc.com/nyc-flower-wall-rentals-2/","Flower Arches","Inquire Now","desktop-only","https://atlanta-flower-wall-rentals.checkcherry.com/reservation/set_event?event_type_id=70211","Flower Wall Rentals (Atlanta) — WRONG BRAND","HTTP 200 (live)","REMAP to a Proposal Perfection NYC event/package"
"187","nyc-flower-wall-rentals-2","https://proposalperfectionnyc.com/nyc-flower-wall-rentals-2/","Flower Arches","Inquire Now","desktop-only","https://atlanta-flower-wall-rentals.checkcherry.com/reservation/set_event?event_type_id=70211","Flower Wall Rentals (Atlanta) — WRONG BRAND","HTTP 200 (live)","REMAP to a Proposal Perfection NYC event/package"
"188","nyc-flower-wall-rentals-2","https://proposalperfectionnyc.com/nyc-flower-wall-rentals-2/","Flower Arches","Inquire Now","desktop-only","https://atlanta-flower-wall-rentals.checkcherry.com/reservation/set_event?event_type_id=70211","Flower Wall Rentals (Atlanta) — WRONG BRAND","HTTP 200 (live)","REMAP to a Proposal Perfection NYC event/package"
"189","nyc-flower-wall-rentals-2","https://proposalperfectionnyc.com/nyc-flower-wall-rentals-2/","Flower Arches","Inquire Now","desktop-only","https://atlanta-flower-wall-rentals.checkcherry.com/reservation/set_event?event_type_id=70211","Flower Wall Rentals (Atlanta) — WRONG BRAND","HTTP 200 (live)","REMAP to a Proposal Perfection NYC event/package"
"190","nyc-flower-wall-rentals-2","https://proposalperfectionnyc.com/nyc-flower-wall-rentals-2/","Event Rentals NYC","Lets Chat!","all devices","https://atlanta-flower-wall-rentals.checkcherry.com/reservation/set_event?package_group_id=32605","Flower Wall Rentals (Atlanta) — WRONG BRAND","HTTP 200 (live)","REMAP to a Proposal Perfection NYC event/package"
"191","photo-booths-rentals","https://proposalperfectionnyc.com/photo-booths-rentals/","(no heading on card)","Inquire Now","all devices","https://proposal-perfection-nyc.checkcherry.com/contact/11423","Proposal Perfection NYC (CORRECT)","HTTP 200 (live)","Keep as-is"
"192","photo-booths-rentals","https://proposalperfectionnyc.com/photo-booths-rentals/","Magically Booth","Inquire Now","all devices","https://proposal-perfection-nyc.checkcherry.com/reservation/set_event?event_type_id=89211","Proposal Perfection NYC (CORRECT)","HTTP 200 (live)","Keep as-is"
"193","photo-booths-rentals","https://proposalperfectionnyc.com/photo-booths-rentals/","Salsa Booth","Inquire Now","all devices","https://proposal-perfection-nyc.checkcherry.com/reservation/set_event?event_type_id=89197","Proposal Perfection NYC (CORRECT)","HTTP 200 (live)","Keep as-is"
"194","photo-booths-rentals","https://proposalperfectionnyc.com/photo-booths-rentals/","Mobi Booth","Inquire Now","all devices","https://proposal-perfection-nyc.checkcherry.com/reservation/set_event?event_type_id=89197","Proposal Perfection NYC (CORRECT)","HTTP 200 (live)","Keep as-is"
"195","photo-booths-rentals","https://proposalperfectionnyc.com/photo-booths-rentals/","Mirror X-Infinity Photo Booth","Inquire Now","all devices","https://proposal-perfection-nyc.checkcherry.com/reservation/set_event?package_group_id=26395","Proposal Perfection NYC (CORRECT)","HTTP 200 (live)","Keep as-is"
"196","photo-booths-rentals","https://proposalperfectionnyc.com/photo-booths-rentals/","Infinity 360","Inquire Now","all devices","https://proposal-perfection-nyc.checkcherry.com/reservation/set_event?package_group_id=25906","Proposal Perfection NYC (CORRECT)","HTTP 200 (live)","Keep as-is"
"197","photo-booths-rentals","https://proposalperfectionnyc.com/photo-booths-rentals/","Digital Booth","Inquire Now","all devices","https://proposal-perfection-nyc.checkcherry.com/reservation/set_event?event_type_id=89210","Proposal Perfection NYC (CORRECT)","HTTP 200 (live)","Keep as-is"
"198","photo-booths-rentals","https://proposalperfectionnyc.com/photo-booths-rentals/","Flower Wall Rentals","Inquire Now","MOBILE-ONLY","https://proposal-perfection-nyc.checkcherry.com/reservation/set_event?package_group_id=20105","Proposal Perfection NYC (CORRECT)","HTTP 200 (live)","Keep as-is"
"199","photo-booths-rentals","https://proposalperfectionnyc.com/photo-booths-rentals/","Printing Services","Inquire Now","MOBILE-ONLY","https://proposal-perfection-nyc.checkcherry.com/reservation/set_event?package_group_id=20105","Proposal Perfection NYC (CORRECT)","HTTP 200 (live)","Keep as-is"
"200","photo-booths-rentals","https://proposalperfectionnyc.com/photo-booths-rentals/","Photo Booth Rentals","Inquire Now","MOBILE-ONLY","https://proposal-perfection-nyc.checkcherry.com/reservation/set_event?event_category_id=18120","Proposal Perfection NYC (CORRECT)","HTTP 200 (live)","Keep as-is"
"201","photo-booths-rentals","https://proposalperfectionnyc.com/photo-booths-rentals/","Custom Signs","Inquire Now","MOBILE-ONLY","https://proposal-perfection-nyc.checkcherry.com/reservation/set_event?event_category_id=18117","Proposal Perfection NYC (CORRECT)","HTTP 200 (live)","Keep as-is"
"202","photo-booths-rentals","https://proposalperfectionnyc.com/photo-booths-rentals/","Flower Arches","Inquire Now","MOBILE-ONLY","https://proposal-perfection-nyc.checkcherry.com/reservation/set_event?package_group_id=35224","Proposal Perfection NYC (CORRECT)","HTTP 200 (live)","Keep as-is"
"203","photo-booths-rentals","https://proposalperfectionnyc.com/photo-booths-rentals/","Flower Arches","Inquire Now","desktop-only","https://proposal-perfection-nyc.checkcherry.com/reservation/set_event?package_group_id=20105","Proposal Perfection NYC (CORRECT)","HTTP 200 (live)","Keep as-is"
"204","photo-booths-rentals","https://proposalperfectionnyc.com/photo-booths-rentals/","Flower Arches","Inquire Now","desktop-only","https://proposal-perfection-nyc.checkcherry.com/reservation/set_event?package_group_id=20105","Proposal Perfection NYC (CORRECT)","HTTP 200 (live)","Keep as-is"
"205","photo-booths-rentals","https://proposalperfectionnyc.com/photo-booths-rentals/","Flower Arches","Inquire Now","desktop-only","https://proposal-perfection-nyc.checkcherry.com/reservation/set_event?event_category_id=18120","Proposal Perfection NYC (CORRECT)","HTTP 200 (live)","Keep as-is"
"206","photo-booths-rentals","https://proposalperfectionnyc.com/photo-booths-rentals/","Flower Arches","Inquire Now","desktop-only","https://proposal-perfection-nyc.checkcherry.com/reservation/set_event?event_category_id=18117","Proposal Perfection NYC (CORRECT)","HTTP 200 (live)","Keep as-is"
"207","photo-booths-rentals","https://proposalperfectionnyc.com/photo-booths-rentals/","Flower Arches","Inquire Now","desktop-only","https://proposal-perfection-nyc.checkcherry.com/reservation/set_event?package_group_id=35224","Proposal Perfection NYC (CORRECT)","HTTP 200 (live)","Keep as-is"
"208","photo-booths-rentals","https://proposalperfectionnyc.com/photo-booths-rentals/","Event Rentals NYC","Lets Chat!","all devices","https://proposal-perfection-nyc.checkcherry.com/contact/11423","Proposal Perfection NYC (CORRECT)","HTTP 200 (live)","Keep as-is"
"209","proposals","https://proposalperfectionnyc.com/proposals/","Create Unforgettable Experiences With Our Event Rentals NYC!","Inquire Now","all devices","https://proposal-perfection-nyc.checkcherry.com/contact/11423","Proposal Perfection NYC (CORRECT)","HTTP 200 (live)","Keep as-is"
"210","proposals","https://proposalperfectionnyc.com/proposals/","Cupid","Inquire Now","all devices","https://proposal-perfection-nyc.checkcherry.com/reservation/set_event?event_type_id=123059","Proposal Perfection NYC (CORRECT)","HTTP 200 (live)","Keep as-is"
"211","proposals","https://proposalperfectionnyc.com/proposals/","Infinity","Inquire Now","all devices","https://proposal-perfection-nyc.checkcherry.com/reservation/set_event?event_type_id=123058","Proposal Perfection NYC (CORRECT)","HTTP 200 (live)","Keep as-is"
"212","proposals","https://proposalperfectionnyc.com/proposals/","Cloud 9","Inquire Now","all devices","https://proposal-perfection-nyc.checkcherry.com/reservation/set_event?event_type_id=123056","Proposal Perfection NYC (CORRECT)","HTTP 200 (live)","Keep as-is"
"213","proposals","https://proposalperfectionnyc.com/proposals/","Lotus Flower","Inquire Now","all devices","https://proposal-perfection-nyc.checkcherry.com/reservation/set_event?event_type_id=123053","Proposal Perfection NYC (CORRECT)","HTTP 200 (live)","Keep as-is"
"214","proposals","https://proposalperfectionnyc.com/proposals/","Isis","Inquire Now","all devices","https://proposal-perfection-nyc.checkcherry.com/reservation/set_event?event_type_id=123054","Proposal Perfection NYC (CORRECT)","HTTP 200 (live)","Keep as-is"
"215","proposals","https://proposalperfectionnyc.com/proposals/","Set of 3 Hearts","Inquire Now","all devices","https://proposal-perfection-nyc.checkcherry.com/reservation/set_event?event_type_id=123055","Proposal Perfection NYC (CORRECT)","HTTP 200 (live)","Keep as-is"
"216","proposals","https://proposalperfectionnyc.com/proposals/","2 Hearts","Inquire Now","all devices","https://proposal-perfection-nyc.checkcherry.com/reservation/set_event?event_type_id=123052","Proposal Perfection NYC (CORRECT)","HTTP 200 (live)","Keep as-is"
"217","proposals","https://proposalperfectionnyc.com/proposals/","Eve","Inquire Now","all devices","https://proposal-perfection-nyc.checkcherry.com/reservation/set_event?event_type_id=123057","Proposal Perfection NYC (CORRECT)","HTTP 200 (live)","Keep as-is"
"218","proposals","https://proposalperfectionnyc.com/proposals/","Cupid Squared","Inquire Now","all devices","https://proposal-perfection-nyc.checkcherry.com/reservation/set_event?event_type_id=123102","Proposal Perfection NYC (CORRECT)","HTTP 200 (live)","Keep as-is"
"219","proposals","https://proposalperfectionnyc.com/proposals/","Heavenly","Inquire Now","all devices","https://proposal-perfection-nyc.checkcherry.com/reservation/set_event?event_type_id=123101","Proposal Perfection NYC (CORRECT)","HTTP 200 (live)","Keep as-is"
"220","proposals","https://proposalperfectionnyc.com/proposals/","Infinity","Inquire Now","all devices","https://proposal-perfection-nyc.checkcherry.com/reservation/set_event?event_type_id=123100","Proposal Perfection NYC (CORRECT)","HTTP 200 (live)","Keep as-is"
"221","proposals","https://proposalperfectionnyc.com/proposals/","Snowflake","Inquire Now","all devices","https://proposal-perfection-nyc.checkcherry.com/reservation/set_event?event_type_id=123099","Proposal Perfection NYC (CORRECT)","HTTP 200 (live)","Keep as-is"
"222","proposals","https://proposalperfectionnyc.com/proposals/","Rosie","Inquire Now","all devices","https://proposal-perfection-nyc.checkcherry.com/reservation/set_event?event_type_id=123098","Proposal Perfection NYC (CORRECT)","HTTP 200 (live)","Keep as-is"
"223","proposals","https://proposalperfectionnyc.com/proposals/","Avirl","Inquire Now","all devices","https://proposal-perfection-nyc.checkcherry.com/reservation/set_event?event_type_id=123094","Proposal Perfection NYC (CORRECT)","HTTP 200 (live)","Keep as-is"
"224","proposals","https://proposalperfectionnyc.com/proposals/","Marie","Inquire Now","all devices","https://proposal-perfection-nyc.checkcherry.com/reservation/set_event?event_type_id=123097","Proposal Perfection NYC (CORRECT)","HTTP 200 (live)","Keep as-is"
"225","proposals","https://proposalperfectionnyc.com/proposals/","Glady's","Inquire Now","all devices","https://proposal-perfection-nyc.checkcherry.com/reservation/set_event?event_type_id=123095","Proposal Perfection NYC (CORRECT)","HTTP 200 (live)","Keep as-is"
"226","proposals","https://proposalperfectionnyc.com/proposals/","Mi'Amor","Inquire Now","all devices","https://proposal-perfection-nyc.checkcherry.com/reservation/set_event?event_type_id=123085","Proposal Perfection NYC (CORRECT)","HTTP 200 (live)","Keep as-is"
"227","proposals","https://proposalperfectionnyc.com/proposals/","Artica","Inquire Now","all devices","https://proposal-perfection-nyc.checkcherry.com/reservation/set_event?event_type_id=123082","Proposal Perfection NYC (CORRECT)","HTTP 200 (live)","Keep as-is"
"228","proposals","https://proposalperfectionnyc.com/proposals/","Joy","Inquire Now","all devices","https://proposal-perfection-nyc.checkcherry.com/reservation/set_event?event_type_id=123084","Proposal Perfection NYC (CORRECT)","HTTP 200 (live)","Keep as-is"
"229","proposals","https://proposalperfectionnyc.com/proposals/","Monterey","Inquire Now","all devices","https://proposal-perfection-nyc.checkcherry.com/reservation/set_event?event_type_id=123083","Proposal Perfection NYC (CORRECT)","HTTP 200 (live)","Keep as-is"
"230","proposals","https://proposalperfectionnyc.com/proposals/","Valinda Rose","Inquire Now","all devices","https://proposal-perfection-nyc.checkcherry.com/reservation/set_event?event_type_id=89177","Proposal Perfection NYC (CORRECT)","HTTP 200 (live)","Keep as-is"
"231","proposals","https://proposalperfectionnyc.com/proposals/","Milan Rose","Inquire Now","all devices","https://proposal-perfection-nyc.checkcherry.com/reservation/set_event?event_type_id=89173","Proposal Perfection NYC (CORRECT)","HTTP 200 (live)","Keep as-is"
"232","proposals","https://proposalperfectionnyc.com/proposals/","Valinda's Garden","Inquire Now","all devices","https://proposal-perfection-nyc.checkcherry.com/reservation/set_event?event_type_id=89193","Proposal Perfection NYC (CORRECT)","HTTP 200 (live)","Keep as-is"
"233","proposals","https://proposalperfectionnyc.com/proposals/","Ruby Red","Inquire Now","all devices","https://proposal-perfection-nyc.checkcherry.com/reservation/set_event?event_type_id=89171","Proposal Perfection NYC (CORRECT)","HTTP 200 (live)","Keep as-is"
"234","proposals","https://proposalperfectionnyc.com/proposals/","Marry Me Marquee Letters","Inquire Now","all devices","https://proposal-perfection-nyc.checkcherry.com/reservation/set_event?event_type_id=124914","Proposal Perfection NYC (CORRECT)","HTTP 200 (live)","Keep as-is"
"235","proposals","https://proposalperfectionnyc.com/proposals/","Will You Marry Me Neon Sign","Inquire Now","all devices","https://proposal-perfection-nyc.checkcherry.com/reservation/set_event?event_type_id=124915","Proposal Perfection NYC (CORRECT)","HTTP 200 (live)","Keep as-is"
"236","proposals","https://proposalperfectionnyc.com/proposals/","Cold Spark Fountains","Inquire Now","all devices","https://proposal-perfection-nyc.checkcherry.com/reservation/set_event?event_type_id=123092","Proposal Perfection NYC (CORRECT)","HTTP 200 (live)","Keep as-is"
"237","proposals","https://proposalperfectionnyc.com/proposals/","Red Carpets","Inquire Now","all devices","https://proposal-perfection-nyc.checkcherry.com/reservation/set_event?event_type_id=123087","Proposal Perfection NYC (CORRECT)","HTTP 200 (live)","Keep as-is"
"238","proposals","https://proposalperfectionnyc.com/proposals/","Floral Runners","Inquire Now","all devices","https://proposal-perfection-nyc.checkcherry.com/reservation/set_event?event_type_id=123091","Proposal Perfection NYC (CORRECT)","HTTP 200 (live)","Keep as-is"
"239","proposals","https://proposalperfectionnyc.com/proposals/","Candles","Inquire Now","all devices","https://proposal-perfection-nyc.checkcherry.com/reservation/set_event?event_type_id=123090","Proposal Perfection NYC (CORRECT)","HTTP 200 (live)","Keep as-is"
"240","proposals","https://proposalperfectionnyc.com/proposals/","Rose Petals","Inquire Now","all devices","https://proposal-perfection-nyc.checkcherry.com/reservation/set_event?event_type_id=123089","Proposal Perfection NYC (CORRECT)","HTTP 200 (live)","Keep as-is"
"241","proposals","https://proposalperfectionnyc.com/proposals/","Floral Accents","Inquire Now","all devices","https://proposal-perfection-nyc.checkcherry.com/reservation/set_event?event_type_id=123088","Proposal Perfection NYC (CORRECT)","HTTP 200 (live)","Keep as-is"
"242","proposals","https://proposalperfectionnyc.com/proposals/","Uplighting","Inquire Now","all devices","https://proposal-perfection-nyc.checkcherry.com/reservation/set_event?event_type_id=124916","Proposal Perfection NYC (CORRECT)","HTTP 200 (live)","Keep as-is"
"243","proposals","https://proposalperfectionnyc.com/proposals/","Confetti Machine","Inquire Now","all devices","https://proposal-perfection-nyc.checkcherry.com/reservation/set_event?event_type_id=123134","Proposal Perfection NYC (CORRECT)","HTTP 200 (live)","Keep as-is"
"244","proposals","https://proposalperfectionnyc.com/proposals/","Fog Machine","Inquire Now","all devices","https://proposal-perfection-nyc.checkcherry.com/reservation/set_event?event_type_id=123117","Proposal Perfection NYC (CORRECT)","HTTP 200 (live)","Keep as-is"
"245","proposals","https://proposalperfectionnyc.com/proposals/","Custom Packages","Inquire Now","all devices","https://proposal-perfection-nyc.checkcherry.com/reservation/set_event?event_type_id=123086","Proposal Perfection NYC (CORRECT)","HTTP 200 (live)","Keep as-is"
"246","proposals","https://proposalperfectionnyc.com/proposals/","Our add-on services will complete your flower wall rental perfectly.","Reserve Now","all devices","https://atlanta-flower-wall-rentals.checkcherry.com/reservation/set_event?package_group_id=32605","Flower Wall Rentals (Atlanta) — WRONG BRAND","HTTP 200 (live)","REMAP to a Proposal Perfection NYC event/package"
"247","proposals","https://proposalperfectionnyc.com/proposals/","Flower Wall Rentals","Inquire Now","MOBILE-ONLY","https://atlanta-flower-wall-rentals.checkcherry.com/reservation/set_event?event_type_id=70211","Flower Wall Rentals (Atlanta) — WRONG BRAND","HTTP 200 (live)","REMAP to a Proposal Perfection NYC event/package"
"248","proposals","https://proposalperfectionnyc.com/proposals/","Printing Services","Inquire Now","MOBILE-ONLY","https://atlanta-flower-wall-rentals.checkcherry.com/reservation/set_event?event_type_id=70211","Flower Wall Rentals (Atlanta) — WRONG BRAND","HTTP 200 (live)","REMAP to a Proposal Perfection NYC event/package"
"249","proposals","https://proposalperfectionnyc.com/proposals/","Photo Booth Rentals","Inquire Now","MOBILE-ONLY","https://atlanta-flower-wall-rentals.checkcherry.com/reservation/set_event?event_type_id=70211","Flower Wall Rentals (Atlanta) — WRONG BRAND","HTTP 200 (live)","REMAP to a Proposal Perfection NYC event/package"
"250","proposals","https://proposalperfectionnyc.com/proposals/","Custom Signs","Inquire Now","MOBILE-ONLY","https://atlanta-flower-wall-rentals.checkcherry.com/reservation/set_event?event_type_id=70211","Flower Wall Rentals (Atlanta) — WRONG BRAND","HTTP 200 (live)","REMAP to a Proposal Perfection NYC event/package"
"251","proposals","https://proposalperfectionnyc.com/proposals/","Flower Arches","Inquire Now","MOBILE-ONLY","https://atlanta-flower-wall-rentals.checkcherry.com/reservation/set_event?event_type_id=70211","Flower Wall Rentals (Atlanta) — WRONG BRAND","HTTP 200 (live)","REMAP to a Proposal Perfection NYC event/package"
"252","proposals","https://proposalperfectionnyc.com/proposals/","Flower Arches","Inquire Now","desktop-only","https://proposal-perfection-nyc.checkcherry.com/reservation/set_event?package_group_id=20105","Proposal Perfection NYC (CORRECT)","HTTP 200 (live)","Keep as-is"
"253","proposals","https://proposalperfectionnyc.com/proposals/","Flower Arches","Inquire Now","desktop-only","https://proposal-perfection-nyc.checkcherry.com/reservation/set_event?event_category_id=18120","Proposal Perfection NYC (CORRECT)","HTTP 200 (live)","Keep as-is"
"254","proposals","https://proposalperfectionnyc.com/proposals/","Flower Arches","Inquire Now","desktop-only","https://proposal-perfection-nyc.checkcherry.com/reservation/set_event?event_category_id=18120","Proposal Perfection NYC (CORRECT)","HTTP 200 (live)","Keep as-is"
"255","proposals","https://proposalperfectionnyc.com/proposals/","Flower Arches","Inquire Now","desktop-only","https://atlanta-flower-wall-rentals.checkcherry.com/reservation/set_event?event_type_id=70211","Flower Wall Rentals (Atlanta) — WRONG BRAND","HTTP 200 (live)","REMAP to a Proposal Perfection NYC event/package"
"256","proposals","https://proposalperfectionnyc.com/proposals/","Flower Arches","Inquire Now","desktop-only","https://proposal-perfection-nyc.checkcherry.com/reservation/set_event?package_group_id=35224","Proposal Perfection NYC (CORRECT)","HTTP 200 (live)","Keep as-is"
"257","proposals","https://proposalperfectionnyc.com/proposals/","Event Rentals NYC","Lets Chat!","all devices","https://proposal-perfection-nyc.checkcherry.com/contact/11423","Proposal Perfection NYC (CORRECT)","HTTP 200 (live)","Keep as-is"